Transaction_ID,Date,Product_ID,Product_Category,Product_Name,Units_Sold,Unit_Cost,Unit_Price,Total_Revenue,Total_Cost,Profit,Region,Inventory_Status
T00001,2023-01-11,P1074,Apparel,Apparel Item 48,7,160.33,136.42,954.94,1122.31,-167.37,North,In Stock
T00002,2023-08-21,P1437,Toys,Toys Item 91,7,91.94,64.97,454.79,643.58,-188.79,East,Low Stock
T00003,2023-09-05,P1212,Electronics,Electronics Item 57,4,32.86,35.89,143.56,131.44,12.12,North,Low Stock
T00004,2023-08-27,P1865,Furniture,Furniture Item 61,12,188.02,177.96,2135.52,2256.24,-120.72,East,Low Stock
T00005,2023-02-02,P1179,Electronics,Electronics Item 3,1,64.33,88.39,88.39,64.33,24.06,East,Low Stock
T00006,2023-01-27,P1899,Electronics,Electronics Item 55,17,107.33,116.45,1979.65,1824.61,155.04,West,Low Stock
T00007,2023-05-18,P1972,Books,Books Item 69,16,50.39,39.22,627.52,806.24,-178.72,South,Out of Stock
T00008,2023-04-29,P1029,Electronics,Electronics Item 5,12,105.28,114.21,1370.52,1263.36,107.16,West,In Stock
T00009,2023-11-17,P1458,Furniture,Furniture Item 54,19,137.66,145.91,2772.29,2615.54,156.75,East,In Stock
T00010,2023-03-03,P1161,Apparel,Apparel Item 91,14,162.64,182.69,2557.66,2276.96,280.7,West,In Stock
T00011,2023-09-20,P1521,Electronics,Electronics Item 88,15,138.24,231.54,3473.1,2073.6,1399.5,West,In Stock
T00012,2023-06-02,P1033,Toys,Toys Item 99,3,182.32,282.03,846.09,546.96,299.13,East,Out of Stock
T00013,2023-10-18,P1715,Groceries,Groceries Item 83,2,87.91,129.74,259.48,175.82,83.66,East,In Stock
T00014,2023-05-17,P1049,Toys,Toys Item 100,18,156.15,268.75,4837.5,2810.7,2026.8,South,In Stock
T00015,2023-11-18,P1065,Electronics,Electronics Item 26,14,146.82,216.98,3037.72,2055.48,982.24,East,In Stock
T00016,2023-11-18,P1442,Toys,Toys Item 10,8,169.68,246.85,1974.8,1357.44,617.36,West,In Stock
T00017,2023-09-24,P1371,Books,Books Item 95,13,32.48,35.92,466.96,422.24,44.72,North,In Stock
T00018,2023-05-26,P1105,Groceries,Groceries Item 96,7,87.56,111.21,778.47,612.92,165.55,East,In Stock
T00019,2023-08-01,P1685,Groceries,Groceries Item 10,11,43.77,71.9,790.9,481.47,309.43,South,Low Stock
T00020,2023-02-07,P1699,Groceries,Groceries Item 11,5,185.63,322.29,1611.45,928.15,683.3,West,In Stock
T00021,2023-01-07,P1871,Books,Books Item 3,9,126.54,138.9,1250.1,1138.86,111.24,South,In Stock
T00022,2023-10-24,P1565,Apparel,Apparel Item 28,5,147.27,252.63,1263.15,736.35,526.8,East,In Stock
T00023,2023-04-24,P1730,Electronics,Electronics Item 12,1,79.67,134.38,134.38,79.67,54.71,South,Low Stock
T00024,2023-03-26,P1066,Apparel,Apparel Item 71,5,114.45,162.56,812.8,572.25,240.55,West,In Stock
T00025,2023-11-25,P1222,Furniture,Furniture Item 48,9,143.58,100.18,901.62,1292.22,-390.6,South,In Stock
T00026,2023-08-21,P1226,Groceries,Groceries Item 57,19,11.13,14.31,271.89,211.47,60.42,East,Low Stock
T00027,2023-07-03,P1736,Apparel,Apparel Item 23,4,181.98,247.09,988.36,727.92,260.44,East,Out of Stock
T00028,2023-12-20,P1177,Toys,Toys Item 26,11,44.6,66.86,735.46,490.6,244.86,West,Low Stock
T00029,2023-10-14,P1827,Apparel,Apparel Item 12,19,36.44,60.35,1146.65,692.36,454.29,West,In Stock
T00030,2023-10-20,P1513,Electronics,Electronics Item 58,6,94.02,128.09,768.54,564.12,204.42,West,Low Stock
T00031,2023-05-04,P1395,Books,Books Item 74,11,68.25,45.07,495.77,750.75,-254.98,West,In Stock
T00032,2023-01-04,P1052,Groceries,Groceries Item 48,1,58.07,61.0,61.0,58.07,2.93,West,In Stock
T00033,2023-07-11,P1921,Electronics,Electronics Item 87,13,172.84,126.14,1639.82,2246.92,-607.1,South,In Stock
T00034,2023-01-13,P1888,Electronics,Electronics Item 12,9,99.54,124.63,1121.67,895.86,225.81,South,In Stock
T00035,2023-04-01,P1534,Electronics,Electronics Item 16,15,37.82,55.54,833.1,567.3,265.8,North,Low Stock
T00036,2023-05-24,P1201,Toys,Toys Item 10,17,17.65,21.8,370.6,300.05,70.55,South,In Stock
T00037,2023-02-09,P1169,Toys,Toys Item 26,7,101.96,128.84,901.88,713.72,188.16,South,In Stock
T00038,2023-04-08,P1590,Furniture,Furniture Item 61,17,57.02,77.45,1316.65,969.34,347.31,West,In Stock
T00039,2023-04-07,P1690,Books,Books Item 62,5,72.29,112.81,564.05,361.45,202.6,West,In Stock
T00040,2023-06-19,P1070,Furniture,Furniture Item 48,12,92.32,137.97,1655.64,1107.84,547.8,South,In Stock
T00041,2023-06-01,P1985,Books,Books Item 31,11,77.08,127.36,1400.96,847.88,553.08,South,In Stock
T00042,2023-03-15,P1109,Books,Books Item 58,5,128.3,186.27,931.35,641.5,289.85,West,In Stock
T00043,2023-12-31,P1365,Groceries,Groceries Item 94,16,160.68,117.09,1873.44,2570.88,-697.44,North,In Stock
T00044,2023-07-21,P1434,Apparel,Apparel Item 41,16,12.95,20.18,322.88,207.2,115.68,East,In Stock
T00045,2023-11-19,P1420,Electronics,Electronics Item 92,19,143.67,188.42,3579.98,2729.73,850.25,West,In Stock
T00046,2023-10-10,P1547,Toys,Toys Item 55,7,39.0,52.26,365.82,273.0,92.82,North,In Stock
T00047,2023-07-14,P1142,Books,Books Item 4,18,168.35,269.6,4852.8,3030.3,1822.5,East,In Stock
T00048,2023-09-01,P1394,Electronics,Electronics Item 93,18,185.32,230.44,4147.92,3335.76,812.16,East,In Stock
T00049,2023-12-09,P1161,Furniture,Furniture Item 5,16,164.36,237.87,3805.92,2629.76,1176.16,East,In Stock
T00050,2023-01-31,P1397,Groceries,Groceries Item 52,2,199.27,292.67,585.34,398.54,186.8,South,In Stock
T00051,2023-02-12,P1686,Books,Books Item 92,9,59.38,100.06,900.54,534.42,366.12,West,In Stock
T00052,2023-10-28,P1335,Groceries,Groceries Item 67,1,130.2,74.57,74.57,130.2,-55.63,East,In Stock
T00053,2023-09-02,P1816,Groceries,Groceries Item 58,6,135.45,180.04,1080.24,812.7,267.54,South,In Stock
T00054,2023-09-07,P1437,Toys,Toys Item 73,3,194.86,249.23,747.69,584.58,163.11,South,Out of Stock
T00055,2023-01-04,P1051,Books,Books Item 35,2,139.92,170.45,340.9,279.84,61.06,East,Low Stock
T00056,2023-11-03,P1212,Books,Books Item 76,1,8.52,10.09,10.09,8.52,1.57,North,In Stock
T00057,2023-06-19,P1581,Toys,Toys Item 97,8,170.6,251.85,2014.8,1364.8,650.0,East,In Stock
T00058,2023-03-20,P1256,Electronics,Electronics Item 70,12,104.22,129.01,1548.12,1250.64,297.48,East,In Stock
T00059,2023-03-04,P1643,Books,Books Item 46,6,195.88,338.79,2032.74,1175.28,857.46,South,In Stock
T00060,2023-04-06,P1703,Books,Books Item 22,2,73.27,113.69,227.38,146.54,80.84,North,Low Stock
T00061,2023-11-13,P1269,Furniture,Furniture Item 34,1,43.07,54.29,54.29,43.07,11.22,South,In Stock
T00062,2023-08-23,P1192,Toys,Toys Item 39,3,154.87,146.75,440.25,464.61,-24.36,North,In Stock
T00063,2023-03-20,P1890,Furniture,Furniture Item 82,14,183.4,194.7,2725.8,2567.6,158.2,East,In Stock
T00064,2023-12-19,P1915,Books,Books Item 63,17,112.79,201.36,3423.12,1917.43,1505.69,South,Out of Stock
T00065,2023-08-07,P1116,Electronics,Electronics Item 3,1,66.8,50.14,50.14,66.8,-16.66,East,In Stock
T00066,2023-01-14,P1652,Groceries,Groceries Item 52,3,116.16,90.23,270.69,348.48,-77.79,North,In Stock
T00067,2023-03-23,P1333,Groceries,Groceries Item 3,2,54.56,70.49,140.98,109.12,31.86,East,In Stock
T00068,2023-01-11,P1918,Books,Books Item 49,8,140.92,185.96,1487.68,1127.36,360.32,East,In Stock
T00069,2023-03-29,P1955,Books,Books Item 96,10,162.83,276.86,2768.6,1628.3,1140.3,West,In Stock
T00070,2023-05-21,P1945,Apparel,Apparel Item 78,13,20.91,16.36,212.68,271.83,-59.15,East,In Stock
T00071,2023-12-16,P1148,Apparel,Apparel Item 58,1,18.83,20.49,20.49,18.83,1.66,West,Low Stock
T00072,2023-09-19,P1771,Groceries,Groceries Item 23,19,70.91,79.45,1509.55,1347.29,162.26,East,In Stock
T00073,2023-05-18,P1534,Books,Books Item 64,19,95.79,121.17,2302.23,1820.01,482.22,East,Low Stock
T00074,2023-11-17,P1098,Groceries,Groceries Item 54,17,12.28,16.21,275.57,208.76,66.81,North,In Stock
T00075,2023-04-05,P1144,Groceries,Groceries Item 17,5,106.84,129.48,647.4,534.2,113.2,East,Low Stock
T00076,2023-03-31,P1653,Apparel,Apparel Item 84,5,94.17,112.61,563.05,470.85,92.2,North,In Stock
T00077,2023-08-12,P1468,Toys,Toys Item 87,15,141.4,79.15,1187.25,2121.0,-933.75,South,In Stock
T00078,2023-01-14,P1580,Toys,Toys Item 44,18,105.68,173.99,3131.82,1902.24,1229.58,East,In Stock
T00079,2023-11-22,P1618,Books,Books Item 98,19,90.6,46.33,880.27,1721.4,-841.13,West,Low Stock
T00080,2023-05-22,P1866,Books,Books Item 52,9,139.26,126.98,1142.82,1253.34,-110.52,South,Out of Stock
T00081,2023-02-17,P1687,Furniture,Furniture Item 3,15,53.8,85.32,1279.8,807.0,472.8,North,Low Stock
T00082,2023-01-19,P1766,Books,Books Item 64,8,187.25,269.18,2153.44,1498.0,655.44,West,In Stock
T00083,2023-03-10,P1381,Furniture,Furniture Item 96,5,124.29,153.6,768.0,621.45,146.55,South,In Stock
T00084,2023-06-08,P1516,Furniture,Furniture Item 58,16,35.94,23.5,376.0,575.04,-199.04,North,In Stock
T00085,2023-09-20,P1876,Toys,Toys Item 35,5,23.36,41.69,208.45,116.8,91.65,North,In Stock
T00086,2023-01-21,P1113,Electronics,Electronics Item 1,5,97.46,70.29,351.45,487.3,-135.85,South,In Stock
T00087,2023-09-14,P1614,Books,Books Item 33,7,72.53,111.5,780.5,507.71,272.79,South,In Stock
T00088,2023-09-19,P1293,Apparel,Apparel Item 4,10,190.08,236.78,2367.8,1900.8,467.0,South,In Stock
T00089,2023-03-21,P1887,Toys,Toys Item 97,10,127.04,215.0,2150.0,1270.4,879.6,North,In Stock
T00090,2023-08-25,P1208,Furniture,Furniture Item 48,5,138.37,243.24,1216.2,691.85,524.35,North,Out of Stock
T00091,2023-08-10,P1571,Apparel,Apparel Item 38,2,10.17,17.85,35.7,20.34,15.36,East,Out of Stock
T00092,2023-09-19,P1924,Apparel,Apparel Item 12,12,80.69,112.46,1349.52,968.28,381.24,South,In Stock
T00093,2023-12-29,P1354,Books,Books Item 30,19,165.02,274.81,5221.39,3135.38,2086.01,East,Low Stock
T00094,2023-08-17,P1171,Electronics,Electronics Item 87,8,181.54,96.44,771.52,1452.32,-680.8,South,Low Stock
T00095,2023-08-06,P1991,Furniture,Furniture Item 3,14,8.55,6.9,96.6,119.7,-23.1,East,In Stock
T00096,2023-09-15,P1991,Groceries,Groceries Item 87,17,132.87,207.44,3526.48,2258.79,1267.69,West,In Stock
T00097,2023-06-11,P1719,Books,Books Item 37,2,55.84,87.65,175.3,111.68,63.62,South,Low Stock
T00098,2023-05-01,P1009,Books,Books Item 67,18,127.64,204.39,3679.02,2297.52,1381.5,North,In Stock
T00099,2023-09-02,P1642,Apparel,Apparel Item 98,4,39.6,65.54,262.16,158.4,103.76,North,In Stock
T00100,2023-01-19,P1574,Electronics,Electronics Item 28,17,147.67,90.45,1537.65,2510.39,-972.74,West,In Stock
T00101,2023-06-22,P1939,Electronics,Electronics Item 95,5,51.53,82.7,413.5,257.65,155.85,South,In Stock
T00102,2023-09-25,P1919,Furniture,Furniture Item 37,3,25.11,35.88,107.64,75.33,32.31,North,In Stock
T00103,2023-05-03,P1441,Electronics,Electronics Item 53,16,80.98,91.1,1457.6,1295.68,161.92,East,In Stock
T00104,2023-10-25,P1353,Toys,Toys Item 29,4,7.11,7.95,31.8,28.44,3.36,North,In Stock
T00105,2023-01-14,P1980,Books,Books Item 22,7,191.58,270.49,1893.43,1341.06,552.37,North,In Stock
T00106,2023-01-24,P1729,Toys,Toys Item 31,15,21.24,16.38,245.7,318.6,-72.9,West,In Stock
T00107,2023-03-23,P1605,Books,Books Item 12,4,189.51,215.11,860.44,758.04,102.4,West,Out of Stock
T00108,2023-12-28,P1853,Books,Books Item 93,10,194.98,212.9,2129.0,1949.8,179.2,West,In Stock
T00109,2023-04-30,P1138,Groceries,Groceries Item 84,3,178.1,202.64,607.92,534.3,73.62,North,Out of Stock
T00110,2023-07-03,P1604,Books,Books Item 24,12,139.17,236.61,2839.32,1670.04,1169.28,East,In Stock
T00111,2023-12-30,P1891,Electronics,Electronics Item 51,6,21.4,23.64,141.84,128.4,13.44,North,In Stock
T00112,2023-10-11,P1005,Groceries,Groceries Item 57,18,178.92,130.79,2354.22,3220.56,-866.34,East,In Stock
T00113,2023-05-21,P1407,Groceries,Groceries Item 40,6,197.39,262.13,1572.78,1184.34,388.44,South,In Stock
T00114,2023-03-03,P1500,Books,Books Item 53,17,189.71,306.39,5208.63,3225.07,1983.56,North,In Stock
T00115,2023-01-10,P1254,Furniture,Furniture Item 27,6,143.1,190.82,1144.92,858.6,286.32,South,In Stock
T00116,2023-02-03,P1794,Furniture,Furniture Item 16,7,87.72,99.42,695.94,614.04,81.9,West,In Stock
T00117,2023-04-12,P1749,Apparel,Apparel Item 41,3,54.47,80.54,241.62,163.41,78.21,South,In Stock
T00118,2023-10-25,P1670,Toys,Toys Item 15,8,27.92,44.94,359.52,223.36,136.16,East,In Stock
T00119,2023-05-04,P1889,Furniture,Furniture Item 14,13,51.31,72.26,939.38,667.03,272.35,West,Out of Stock
T00120,2023-04-06,P1179,Toys,Toys Item 77,1,48.6,51.47,51.47,48.6,2.87,South,In Stock
T00121,2023-01-18,P1978,Electronics,Electronics Item 64,13,13.42,19.4,252.2,174.46,77.74,North,In Stock
T00122,2023-07-26,P1571,Electronics,Electronics Item 53,11,184.23,289.53,3184.83,2026.53,1158.3,West,In Stock
T00123,2023-02-21,P1879,Furniture,Furniture Item 60,18,37.41,47.54,855.72,673.38,182.34,North,In Stock
T00124,2023-11-17,P1496,Furniture,Furniture Item 55,1,127.37,219.82,219.82,127.37,92.45,East,In Stock
T00125,2023-12-06,P1038,Groceries,Groceries Item 40,11,59.79,102.7,1129.7,657.69,472.01,South,In Stock
T00126,2023-10-12,P1913,Furniture,Furniture Item 20,12,25.82,30.4,364.8,309.84,54.96,South,In Stock
T00127,2023-09-07,P1109,Apparel,Apparel Item 98,4,95.42,141.96,567.84,381.68,186.16,West,In Stock
T00128,2023-05-28,P1895,Books,Books Item 46,5,195.01,306.87,1534.35,975.05,559.3,North,In Stock
T00129,2023-07-11,P1619,Groceries,Groceries Item 19,17,59.55,89.45,1520.65,1012.35,508.3,North,In Stock
T00130,2023-10-17,P1449,Electronics,Electronics Item 43,16,36.71,61.19,979.04,587.36,391.68,East,In Stock
T00131,2023-10-30,P1955,Groceries,Groceries Item 88,18,86.24,150.0,2700.0,1552.32,1147.68,East,Out of Stock
T00132,2023-09-20,P1966,Apparel,Apparel Item 100,10,186.88,202.56,2025.6,1868.8,156.8,East,In Stock
T00133,2023-03-24,P1928,Electronics,Electronics Item 80,1,156.63,280.21,280.21,156.63,123.58,North,In Stock
T00134,2023-04-09,P1197,Toys,Toys Item 83,11,120.86,214.82,2363.02,1329.46,1033.56,East,In Stock
T00135,2023-04-29,P1565,Apparel,Apparel Item 20,17,168.47,229.31,3898.27,2863.99,1034.28,West,Low Stock
T00136,2023-07-21,P1009,Books,Books Item 51,1,7.67,6.22,6.22,7.67,-1.45,South,In Stock
T00137,2023-03-31,P1459,Toys,Toys Item 51,5,199.94,293.23,1466.15,999.7,466.45,West,In Stock
T00138,2023-06-17,P1220,Groceries,Groceries Item 52,5,146.59,195.46,977.3,732.95,244.35,West,Low Stock
T00139,2023-11-10,P1880,Apparel,Apparel Item 77,14,44.98,56.5,791.0,629.72,161.28,South,In Stock
T00140,2023-04-16,P1313,Apparel,Apparel Item 71,4,49.59,75.06,300.24,198.36,101.88,East,In Stock
T00141,2023-04-01,P1999,Apparel,Apparel Item 42,8,9.33,13.13,105.04,74.64,30.4,West,Low Stock
T00142,2023-11-03,P1254,Apparel,Apparel Item 51,3,106.43,155.81,467.43,319.29,148.14,East,In Stock
T00143,2023-07-02,P1318,Groceries,Groceries Item 100,5,22.24,33.19,165.95,111.2,54.75,East,In Stock
T00144,2023-12-26,P1280,Groceries,Groceries Item 28,15,87.0,133.07,1996.05,1305.0,691.05,East,Out of Stock
T00145,2023-05-09,P1949,Groceries,Groceries Item 26,11,46.53,23.57,259.27,511.83,-252.56,East,Out of Stock
T00146,2023-06-29,P1955,Electronics,Electronics Item 63,6,123.58,181.18,1087.08,741.48,345.6,North,In Stock
T00147,2023-05-12,P1562,Toys,Toys Item 18,19,181.31,260.27,4945.13,3444.89,1500.24,East,In Stock
T00148,2023-12-22,P1166,Electronics,Electronics Item 55,15,82.33,139.7,2095.5,1234.95,860.55,East,In Stock
T00149,2023-09-30,P1549,Furniture,Furniture Item 86,5,160.31,269.57,1347.85,801.55,546.3,North,In Stock
T00150,2023-09-12,P1183,Electronics,Electronics Item 52,17,55.36,98.82,1679.94,941.12,738.82,East,In Stock
T00151,2023-06-20,P1184,Books,Books Item 67,2,69.11,85.01,170.02,138.22,31.8,East,In Stock
T00152,2023-12-21,P1996,Toys,Toys Item 19,19,109.77,163.4,3104.6,2085.63,1018.97,North,In Stock
T00153,2023-02-13,P1754,Apparel,Apparel Item 53,11,32.07,38.05,418.55,352.77,65.78,South,In Stock
T00154,2023-08-09,P1955,Groceries,Groceries Item 36,3,175.49,312.34,937.02,526.47,410.55,West,In Stock
T00155,2023-11-24,P1205,Electronics,Electronics Item 11,19,12.97,8.11,154.09,246.43,-92.34,North,Low Stock
T00156,2023-04-22,P1124,Furniture,Furniture Item 60,6,28.52,34.36,206.16,171.12,35.04,South,Out of Stock
T00157,2023-02-21,P1755,Toys,Toys Item 87,2,30.11,38.88,77.76,60.22,17.54,West,In Stock
T00158,2023-07-31,P1228,Apparel,Apparel Item 21,15,127.44,113.82,1707.3,1911.6,-204.3,North,In Stock
T00159,2023-12-19,P1031,Groceries,Groceries Item 2,16,16.91,27.98,447.68,270.56,177.12,North,In Stock
T00160,2023-03-25,P1109,Apparel,Apparel Item 57,17,121.47,176.43,2999.31,2064.99,934.32,West,Low Stock
T00161,2023-07-18,P1511,Apparel,Apparel Item 73,14,125.56,175.39,2455.46,1757.84,697.62,West,In Stock
T00162,2023-09-26,P1999,Apparel,Apparel Item 71,13,17.16,9.61,124.93,223.08,-98.15,North,In Stock
T00163,2023-04-28,P1344,Furniture,Furniture Item 93,3,179.57,260.21,780.63,538.71,241.92,East,In Stock
T00164,2023-10-29,P1555,Books,Books Item 93,13,174.11,234.68,3050.84,2263.43,787.41,West,In Stock
T00165,2023-09-15,P1406,Furniture,Furniture Item 37,5,40.55,68.15,340.75,202.75,138.0,South,In Stock
T00166,2023-03-02,P1992,Furniture,Furniture Item 94,12,50.48,70.95,851.4,605.76,245.64,South,In Stock
T00167,2023-06-14,P1830,Furniture,Furniture Item 41,10,158.89,177.19,1771.9,1588.9,183.0,East,Low Stock
T00168,2023-11-17,P1154,Groceries,Groceries Item 76,15,148.68,221.52,3322.8,2230.2,1092.6,East,In Stock
T00169,2023-06-02,P1247,Apparel,Apparel Item 81,12,29.88,39.51,474.12,358.56,115.56,South,In Stock
T00170,2023-02-08,P1428,Groceries,Groceries Item 59,2,52.65,68.33,136.66,105.3,31.36,West,In Stock
T00171,2023-11-11,P1170,Books,Books Item 83,1,6.47,8.57,8.57,6.47,2.1,East,In Stock
T00172,2023-09-19,P1124,Toys,Toys Item 32,16,36.33,22.83,365.28,581.28,-216.0,South,Low Stock
T00173,2023-08-23,P1450,Electronics,Electronics Item 91,9,20.65,28.04,252.36,185.85,66.51,North,In Stock
T00174,2023-08-14,P1573,Groceries,Groceries Item 26,4,199.46,295.6,1182.4,797.84,384.56,West,Low Stock
T00175,2023-09-20,P1350,Toys,Toys Item 60,11,173.77,216.07,2376.77,1911.47,465.3,East,In Stock
T00176,2023-04-18,P1223,Books,Books Item 44,6,135.39,198.69,1192.14,812.34,379.8,South,In Stock
T00177,2023-06-26,P1658,Electronics,Electronics Item 44,8,97.94,117.9,943.2,783.52,159.68,East,Low Stock
T00178,2023-12-22,P1314,Groceries,Groceries Item 23,4,87.96,108.35,433.4,351.84,81.56,West,In Stock
T00179,2023-08-23,P1668,Groceries,Groceries Item 52,15,142.91,159.41,2391.15,2143.65,247.5,East,Out of Stock
T00180,2023-11-21,P1891,Furniture,Furniture Item 10,11,186.74,279.25,3071.75,2054.14,1017.61,West,Low Stock
T00181,2023-07-21,P1749,Books,Books Item 13,6,70.64,37.33,223.98,423.84,-199.86,East,In Stock
T00182,2023-07-26,P1640,Books,Books Item 93,12,44.34,49.48,593.76,532.08,61.68,East,Low Stock
T00183,2023-03-09,P1260,Apparel,Apparel Item 72,5,5.53,3.94,19.7,27.65,-7.95,South,Out of Stock
T00184,2023-11-03,P1581,Electronics,Electronics Item 66,6,85.31,149.05,894.3,511.86,382.44,West,In Stock
T00185,2023-10-13,P1170,Furniture,Furniture Item 46,12,84.66,151.81,1821.72,1015.92,805.8,West,In Stock
T00186,2023-05-30,P1748,Toys,Toys Item 11,2,40.34,33.62,67.24,80.68,-13.44,East,Out of Stock
T00187,2023-03-16,P1181,Groceries,Groceries Item 5,8,166.45,274.58,2196.64,1331.6,865.04,North,Low Stock
T00188,2023-12-11,P1422,Apparel,Apparel Item 71,3,37.03,57.36,172.08,111.09,60.99,South,In Stock
T00189,2023-12-21,P1397,Toys,Toys Item 7,4,66.66,104.14,416.56,266.64,149.92,South,Out of Stock
T00190,2023-01-22,P1980,Books,Books Item 34,8,90.63,126.61,1012.88,725.04,287.84,South,In Stock
T00191,2023-06-07,P1943,Books,Books Item 89,6,110.26,163.53,981.18,661.56,319.62,East,In Stock
T00192,2023-09-28,P1563,Toys,Toys Item 25,17,180.42,262.99,4470.83,3067.14,1403.69,South,Low Stock
T00193,2023-08-18,P1480,Toys,Toys Item 12,8,49.66,68.22,545.76,397.28,148.48,East,Low Stock
T00194,2023-07-01,P1764,Apparel,Apparel Item 20,3,127.4,147.08,441.24,382.2,59.04,North,In Stock
T00195,2023-12-28,P1489,Furniture,Furniture Item 97,15,176.33,283.2,4248.0,2644.95,1603.05,West,In Stock
T00196,2023-12-10,P1646,Books,Books Item 79,4,199.55,315.34,1261.36,798.2,463.16,East,In Stock
T00197,2023-11-23,P1324,Furniture,Furniture Item 3,1,11.54,18.72,18.72,11.54,7.18,East,In Stock
T00198,2023-05-07,P1326,Furniture,Furniture Item 9,10,71.71,81.25,812.5,717.1,95.4,East,Low Stock
T00199,2023-07-13,P1785,Books,Books Item 98,4,94.12,134.28,537.12,376.48,160.64,West,In Stock
T00200,2023-02-22,P1346,Apparel,Apparel Item 80,8,34.23,54.48,435.84,273.84,162.0,West,In Stock
T00201,2023-04-12,P1198,Groceries,Groceries Item 37,2,7.38,10.88,21.76,14.76,7.0,West,In Stock
T00202,2023-10-04,P1865,Books,Books Item 36,11,121.81,215.52,2370.72,1339.91,1030.81,South,Low Stock
T00203,2023-12-28,P1039,Toys,Toys Item 92,8,118.76,165.85,1326.8,950.08,376.72,North,In Stock
T00204,2023-05-14,P1885,Apparel,Apparel Item 90,14,124.92,144.2,2018.8,1748.88,269.92,West,In Stock
T00205,2023-12-30,P1258,Toys,Toys Item 82,18,124.23,110.87,1995.66,2236.14,-240.48,West,In Stock
T00206,2023-02-14,P1032,Electronics,Electronics Item 25,12,24.93,40.95,491.4,299.16,192.24,North,In Stock
T00207,2023-04-25,P1853,Electronics,Electronics Item 64,5,142.91,108.52,542.6,714.55,-171.95,East,Low Stock
T00208,2023-07-05,P1731,Toys,Toys Item 19,9,87.71,153.56,1382.04,789.39,592.65,South,In Stock
T00209,2023-03-12,P1361,Furniture,Furniture Item 92,11,92.91,87.63,963.93,1022.01,-58.08,West,Out of Stock
T00210,2023-07-22,P1106,Electronics,Electronics Item 21,14,41.33,53.69,751.66,578.62,173.04,South,Low Stock
T00211,2023-06-07,P1351,Toys,Toys Item 89,19,120.3,131.26,2493.94,2285.7,208.24,West,In Stock
T00212,2023-11-20,P1618,Groceries,Groceries Item 88,9,45.09,67.76,609.84,405.81,204.03,East,In Stock
T00213,2023-12-03,P1832,Books,Books Item 57,3,82.64,143.78,431.34,247.92,183.42,North,In Stock
T00214,2023-06-10,P1225,Furniture,Furniture Item 62,2,95.81,166.6,333.2,191.62,141.58,North,Out of Stock
T00215,2023-09-01,P1636,Toys,Toys Item 47,11,11.41,14.1,155.1,125.51,29.59,North,In Stock
T00216,2023-03-01,P1433,Groceries,Groceries Item 19,7,37.28,23.87,167.09,260.96,-93.87,East,In Stock
T00217,2023-02-14,P1739,Furniture,Furniture Item 98,11,128.29,102.45,1126.95,1411.19,-284.24,North,In Stock
T00218,2023-09-09,P1458,Toys,Toys Item 72,7,195.23,286.59,2006.13,1366.61,639.52,West,In Stock
T00219,2023-11-09,P1791,Toys,Toys Item 21,8,102.93,113.25,906.0,823.44,82.56,East,In Stock
T00220,2023-03-10,P1916,Books,Books Item 48,19,45.93,55.29,1050.51,872.67,177.84,North,Out of Stock
T00221,2023-05-05,P1918,Books,Books Item 19,17,12.13,17.88,303.96,206.21,97.75,East,In Stock
T00222,2023-02-15,P1167,Electronics,Electronics Item 3,18,62.34,90.13,1622.34,1122.12,500.22,West,Low Stock
T00223,2023-07-06,P1495,Books,Books Item 24,17,83.15,96.99,1648.83,1413.55,235.28,South,In Stock
T00224,2023-04-19,P1539,Toys,Toys Item 88,1,70.2,58.9,58.9,70.2,-11.3,North,In Stock
T00225,2023-09-12,P1800,Furniture,Furniture Item 25,10,57.8,78.41,784.1,578.0,206.1,East,In Stock
T00226,2023-04-07,P1765,Toys,Toys Item 9,18,174.06,254.79,4586.22,3133.08,1453.14,East,In Stock
T00227,2023-10-04,P1675,Apparel,Apparel Item 97,3,50.06,53.3,159.9,150.18,9.72,East,In Stock
T00228,2023-06-02,P1654,Apparel,Apparel Item 48,15,116.04,170.29,2554.35,1740.6,813.75,East,In Stock
T00229,2023-01-31,P1463,Toys,Toys Item 58,8,24.39,38.82,310.56,195.12,115.44,East,In Stock
T00230,2023-03-03,P1439,Apparel,Apparel Item 89,14,166.89,258.86,3624.04,2336.46,1287.58,North,Low Stock
T00231,2023-07-17,P1926,Apparel,Apparel Item 14,14,62.16,65.87,922.18,870.24,51.94,South,In Stock
T00232,2023-06-28,P1482,Books,Books Item 46,7,148.5,169.6,1187.2,1039.5,147.7,North,Low Stock
T00233,2023-06-04,P1037,Groceries,Groceries Item 36,19,118.69,204.09,3877.71,2255.11,1622.6,East,In Stock
T00234,2023-08-27,P1010,Groceries,Groceries Item 56,15,126.83,211.66,3174.9,1902.45,1272.45,North,In Stock
T00235,2023-12-11,P1497,Apparel,Apparel Item 51,3,120.11,182.34,547.02,360.33,186.69,North,In Stock
T00236,2023-07-08,P1010,Apparel,Apparel Item 25,6,155.9,264.38,1586.28,935.4,650.88,South,Out of Stock
T00237,2023-11-02,P1131,Apparel,Apparel Item 37,3,189.95,219.41,658.23,569.85,88.38,North,In Stock
T00238,2023-04-20,P1563,Apparel,Apparel Item 3,10,115.33,161.84,1618.4,1153.3,465.1,North,Low Stock
T00239,2023-08-30,P1586,Furniture,Furniture Item 42,17,99.53,159.87,2717.79,1692.01,1025.78,North,In Stock
T00240,2023-09-12,P1018,Groceries,Groceries Item 60,2,128.53,148.39,296.78,257.06,39.72,South,In Stock
T00241,2023-05-19,P1878,Groceries,Groceries Item 22,11,87.23,78.97,868.67,959.53,-90.86,North,In Stock
T00242,2023-07-10,P1075,Toys,Toys Item 95,2,58.1,52.95,105.9,116.2,-10.3,South,In Stock
T00243,2023-10-17,P1134,Apparel,Apparel Item 62,10,117.42,172.09,1720.9,1174.2,546.7,North,Low Stock
T00244,2023-07-29,P1541,Groceries,Groceries Item 40,6,166.8,176.52,1059.12,1000.8,58.32,East,In Stock
T00245,2023-01-18,P1680,Apparel,Apparel Item 45,6,147.78,225.34,1352.04,886.68,465.36,North,In Stock
T00246,2023-06-30,P1503,Apparel,Apparel Item 47,7,116.79,158.05,1106.35,817.53,288.82,South,In Stock
T00247,2023-11-12,P1389,Books,Books Item 41,14,14.16,11.78,164.92,198.24,-33.32,South,Low Stock
T00248,2023-09-05,P1586,Toys,Toys Item 69,19,22.62,24.91,473.29,429.78,43.51,South,In Stock
T00249,2023-11-09,P1089,Groceries,Groceries Item 17,11,61.3,97.42,1071.62,674.3,397.32,West,In Stock
T00250,2023-03-31,P1837,Books,Books Item 66,7,124.03,167.13,1169.91,868.21,301.7,East,In Stock
T00251,2023-10-07,P1232,Apparel,Apparel Item 12,5,99.33,144.51,722.55,496.65,225.9,South,In Stock
T00252,2023-05-30,P1597,Apparel,Apparel Item 80,19,121.04,87.56,1663.64,2299.76,-636.12,East,Low Stock
T00253,2023-11-28,P1840,Apparel,Apparel Item 16,13,35.16,49.42,642.46,457.08,185.38,North,In Stock
T00254,2023-12-06,P1864,Electronics,Electronics Item 49,9,19.65,27.93,251.37,176.85,74.52,South,In Stock
T00255,2023-05-11,P1541,Apparel,Apparel Item 72,11,121.67,134.68,1481.48,1338.37,143.11,West,In Stock
T00256,2023-07-28,P1743,Toys,Toys Item 22,18,160.89,201.77,3631.86,2896.02,735.84,West,In Stock
T00257,2023-09-18,P1159,Apparel,Apparel Item 85,2,25.1,41.55,83.1,50.2,32.9,North,In Stock
T00258,2023-06-25,P1970,Toys,Toys Item 30,17,31.68,43.86,745.62,538.56,207.06,South,In Stock
T00259,2023-03-18,P1445,Groceries,Groceries Item 53,15,21.91,35.47,532.05,328.65,203.4,South,Low Stock
T00260,2023-05-24,P1283,Electronics,Electronics Item 21,17,133.46,225.13,3827.21,2268.82,1558.39,North,In Stock
T00261,2023-11-23,P1017,Apparel,Apparel Item 6,18,100.44,179.86,3237.48,1807.92,1429.56,West,In Stock
T00262,2023-03-18,P1322,Apparel,Apparel Item 36,13,135.63,103.72,1348.36,1763.19,-414.83,North,In Stock
T00263,2023-04-24,P1703,Electronics,Electronics Item 89,17,40.21,69.83,1187.11,683.57,503.54,West,In Stock
T00264,2023-06-19,P1368,Furniture,Furniture Item 82,14,28.5,34.04,476.56,399.0,77.56,South,In Stock
T00265,2023-05-31,P1417,Groceries,Groceries Item 70,8,194.36,273.2,2185.6,1554.88,630.72,South,In Stock
T00266,2023-03-02,P1232,Books,Books Item 52,7,93.75,143.76,1006.32,656.25,350.07,South,In Stock
T00267,2023-04-02,P1504,Apparel,Apparel Item 86,14,121.27,138.3,1936.2,1697.78,238.42,North,In Stock
T00268,2023-07-03,P1789,Toys,Toys Item 20,2,177.57,245.18,490.36,355.14,135.22,North,In Stock
T00269,2023-09-29,P1859,Groceries,Groceries Item 37,12,116.62,169.54,2034.48,1399.44,635.04,East,In Stock
T00270,2023-05-17,P1846,Furniture,Furniture Item 38,13,127.05,192.09,2497.17,1651.65,845.52,West,In Stock
T00271,2023-12-20,P1789,Books,Books Item 77,2,9.76,10.4,20.8,19.52,1.28,East,In Stock
T00272,2023-07-25,P1338,Electronics,Electronics Item 95,13,108.14,178.33,2318.29,1405.82,912.47,North,In Stock
T00273,2023-10-03,P1684,Groceries,Groceries Item 80,7,6.85,3.7,25.9,47.95,-22.05,West,In Stock
T00274,2023-03-13,P1746,Toys,Toys Item 93,12,127.36,227.73,2732.76,1528.32,1204.44,West,In Stock
T00275,2023-03-27,P1489,Apparel,Apparel Item 65,10,22.88,32.99,329.9,228.8,101.1,South,In Stock
T00276,2023-10-26,P1852,Furniture,Furniture Item 23,1,51.56,34.01,34.01,51.56,-17.55,North,In Stock
T00277,2023-02-20,P1751,Books,Books Item 72,18,62.78,67.9,1222.2,1130.04,92.16,North,In Stock
T00278,2023-06-07,P1010,Furniture,Furniture Item 83,1,182.52,100.25,100.25,182.52,-82.27,East,In Stock
T00279,2023-03-24,P1082,Groceries,Groceries Item 79,4,47.56,77.99,311.96,190.24,121.72,South,In Stock
T00280,2023-02-01,P1879,Apparel,Apparel Item 71,11,119.77,205.18,2256.98,1317.47,939.51,West,In Stock
T00281,2023-08-01,P1241,Toys,Toys Item 29,11,181.23,291.33,3204.63,1993.53,1211.1,East,In Stock
T00282,2023-11-25,P1514,Furniture,Furniture Item 61,4,50.18,77.14,308.56,200.72,107.84,South,In Stock
T00283,2023-01-31,P1131,Apparel,Apparel Item 98,19,104.97,124.12,2358.28,1994.43,363.85,North,In Stock
T00284,2023-03-29,P1148,Furniture,Furniture Item 75,9,41.36,54.29,488.61,372.24,116.37,South,In Stock
T00285,2023-06-09,P1610,Apparel,Apparel Item 87,5,127.81,183.88,919.4,639.05,280.35,North,In Stock
T00286,2023-05-20,P1998,Electronics,Electronics Item 28,17,38.91,62.98,1070.66,661.47,409.19,North,Low Stock
T00287,2023-11-13,P1580,Groceries,Groceries Item 66,17,35.01,42.65,725.05,595.17,129.88,South,In Stock
T00288,2023-05-16,P1970,Groceries,Groceries Item 18,15,11.8,20.0,300.0,177.0,123.0,South,Out of Stock
T00289,2023-09-07,P1199,Groceries,Groceries Item 87,11,176.1,202.01,2222.11,1937.1,285.01,West,Low Stock
T00290,2023-10-13,P1189,Electronics,Electronics Item 98,9,13.65,14.7,132.3,122.85,9.45,North,In Stock
T00291,2023-08-05,P1892,Toys,Toys Item 76,15,132.77,148.07,2221.05,1991.55,229.5,South,Out of Stock
T00292,2023-04-27,P1305,Furniture,Furniture Item 18,15,5.99,6.51,97.65,89.85,7.8,East,In Stock
T00293,2023-07-19,P1450,Electronics,Electronics Item 1,18,20.8,32.5,585.0,374.4,210.6,West,In Stock
T00294,2023-11-04,P1177,Apparel,Apparel Item 98,5,198.34,177.97,889.85,991.7,-101.85,West,In Stock
T00295,2023-06-17,P1662,Apparel,Apparel Item 43,19,165.81,258.42,4909.98,3150.39,1759.59,North,In Stock
T00296,2023-10-26,P1027,Electronics,Electronics Item 39,13,57.07,94.06,1222.78,741.91,480.87,East,Low Stock
T00297,2023-06-15,P1272,Toys,Toys Item 70,8,52.83,30.23,241.84,422.64,-180.8,East,Low Stock
T00298,2023-04-11,P1900,Electronics,Electronics Item 32,13,168.22,262.44,3411.72,2186.86,1224.86,West,In Stock
T00299,2023-04-13,P1028,Furniture,Furniture Item 84,6,41.9,74.2,445.2,251.4,193.8,South,In Stock
T00300,2023-10-17,P1438,Furniture,Furniture Item 8,19,176.42,153.3,2912.7,3351.98,-439.28,West,In Stock
T00301,2023-08-20,P1155,Toys,Toys Item 76,7,36.35,60.85,425.95,254.45,171.5,West,In Stock
T00302,2023-05-08,P1357,Toys,Toys Item 81,12,6.25,9.45,113.4,75.0,38.4,South,In Stock
T00303,2023-07-31,P1420,Apparel,Apparel Item 65,17,114.17,76.44,1299.48,1940.89,-641.41,South,In Stock
T00304,2023-07-13,P1985,Apparel,Apparel Item 92,13,157.07,132.33,1720.29,2041.91,-321.62,East,In Stock
T00305,2023-08-16,P1267,Groceries,Groceries Item 52,10,89.29,120.02,1200.2,892.9,307.3,West,Out of Stock
T00306,2023-08-05,P1873,Furniture,Furniture Item 47,15,186.75,172.14,2582.1,2801.25,-219.15,East,In Stock
T00307,2023-07-06,P1752,Electronics,Electronics Item 44,4,18.23,28.82,115.28,72.92,42.36,West,In Stock
T00308,2023-05-05,P1968,Apparel,Apparel Item 53,17,118.52,179.64,3053.88,2014.84,1039.04,South,In Stock
T00309,2023-07-23,P1724,Groceries,Groceries Item 12,18,174.95,310.83,5594.94,3149.1,2445.84,South,Out of Stock
T00310,2023-05-27,P1392,Groceries,Groceries Item 6,4,131.28,175.61,702.44,525.12,177.32,West,In Stock
T00311,2023-09-10,P1113,Apparel,Apparel Item 96,11,165.2,274.91,3024.01,1817.2,1206.81,East,In Stock
T00312,2023-03-30,P1902,Apparel,Apparel Item 47,11,138.24,173.52,1908.72,1520.64,388.08,North,In Stock
T00313,2023-09-18,P1058,Furniture,Furniture Item 88,4,88.11,103.33,413.32,352.44,60.88,South,In Stock
T00314,2023-12-09,P1964,Toys,Toys Item 33,11,48.05,38.74,426.14,528.55,-102.41,North,In Stock
T00315,2023-04-05,P1427,Groceries,Groceries Item 40,11,58.29,67.81,745.91,641.19,104.72,South,In Stock
T00316,2023-01-18,P1246,Groceries,Groceries Item 90,15,86.85,117.09,1756.35,1302.75,453.6,West,In Stock
T00317,2023-08-28,P1965,Furniture,Furniture Item 41,5,196.88,338.75,1693.75,984.4,709.35,West,Low Stock
T00318,2023-12-03,P1183,Apparel,Apparel Item 19,15,150.44,255.91,3838.65,2256.6,1582.05,East,In Stock
T00319,2023-02-18,P1047,Electronics,Electronics Item 51,12,114.74,167.22,2006.64,1376.88,629.76,North,In Stock
T00320,2023-03-11,P1255,Groceries,Groceries Item 79,14,44.72,25.45,356.3,626.08,-269.78,East,In Stock
T00321,2023-12-19,P1869,Toys,Toys Item 76,14,108.42,93.08,1303.12,1517.88,-214.76,South,In Stock
T00322,2023-11-24,P1662,Furniture,Furniture Item 59,12,11.34,17.15,205.8,136.08,69.72,South,Low Stock
T00323,2023-07-31,P1677,Groceries,Groceries Item 3,14,95.11,73.16,1024.24,1331.54,-307.3,South,In Stock
T00324,2023-12-23,P1807,Furniture,Furniture Item 61,12,53.27,64.94,779.28,639.24,140.04,North,In Stock
T00325,2023-06-22,P1473,Toys,Toys Item 79,2,160.52,223.35,446.7,321.04,125.66,North,Low Stock
T00326,2023-01-16,P1311,Apparel,Apparel Item 32,8,95.6,128.74,1029.92,764.8,265.12,South,In Stock
T00327,2023-06-14,P1051,Books,Books Item 52,15,122.0,191.69,2875.35,1830.0,1045.35,North,In Stock
T00328,2023-07-08,P1041,Electronics,Electronics Item 21,1,190.77,303.94,303.94,190.77,113.17,South,In Stock
T00329,2023-01-02,P1775,Toys,Toys Item 35,19,25.46,45.57,865.83,483.74,382.09,South,In Stock
T00330,2023-04-14,P1997,Books,Books Item 15,15,102.28,161.28,2419.2,1534.2,885.0,East,In Stock
T00331,2023-05-04,P1530,Books,Books Item 42,10,156.28,172.58,1725.8,1562.8,163.0,North,In Stock
T00332,2023-10-12,P1825,Electronics,Electronics Item 10,1,22.13,23.79,23.79,22.13,1.66,North,In Stock
T00333,2023-08-08,P1429,Apparel,Apparel Item 85,7,30.88,48.39,338.73,216.16,122.57,South,Out of Stock
T00334,2023-07-06,P1140,Groceries,Groceries Item 29,18,165.18,132.42,2383.56,2973.24,-589.68,North,Out of Stock
T00335,2023-01-31,P1453,Furniture,Furniture Item 89,8,129.1,138.61,1108.88,1032.8,76.08,North,In Stock
T00336,2023-06-05,P1478,Electronics,Electronics Item 3,6,125.24,159.57,957.42,751.44,205.98,South,In Stock
T00337,2023-04-14,P1560,Electronics,Electronics Item 100,12,174.84,288.71,3464.52,2098.08,1366.44,North,Out of Stock
T00338,2023-11-28,P1256,Electronics,Electronics Item 50,15,163.89,147.94,2219.1,2458.35,-239.25,West,In Stock
T00339,2023-04-17,P1358,Toys,Toys Item 9,4,121.51,171.41,685.64,486.04,199.6,South,In Stock
T00340,2023-09-14,P1557,Furniture,Furniture Item 13,9,36.98,58.93,530.37,332.82,197.55,East,In Stock
T00341,2023-03-19,P1976,Groceries,Groceries Item 67,12,53.19,47.46,569.52,638.28,-68.76,West,Low Stock
T00342,2023-07-21,P1535,Books,Books Item 76,19,195.29,231.73,4402.87,3710.51,692.36,North,In Stock
T00343,2023-06-02,P1083,Groceries,Groceries Item 39,19,36.53,29.0,551.0,694.07,-143.07,East,In Stock
T00344,2023-12-20,P1709,Books,Books Item 21,5,199.29,306.46,1532.3,996.45,535.85,West,In Stock
T00345,2023-09-29,P1647,Electronics,Electronics Item 23,10,83.64,114.07,1140.7,836.4,304.3,South,Low Stock
T00346,2023-06-30,P1674,Books,Books Item 69,15,55.25,93.99,1409.85,828.75,581.1,North,In Stock
T00347,2023-02-03,P1296,Apparel,Apparel Item 1,5,72.46,129.76,648.8,362.3,286.5,South,Low Stock
T00348,2023-05-18,P1083,Apparel,Apparel Item 57,18,174.07,240.04,4320.72,3133.26,1187.46,West,In Stock
T00349,2023-08-27,P1735,Apparel,Apparel Item 23,2,99.9,172.38,344.76,199.8,144.96,South,In Stock
T00350,2023-11-06,P1941,Toys,Toys Item 82,6,132.73,167.62,1005.72,796.38,209.34,South,Low Stock
T00351,2023-06-12,P1081,Electronics,Electronics Item 91,12,79.85,133.91,1606.92,958.2,648.72,East,In Stock
T00352,2023-01-20,P1107,Toys,Toys Item 13,1,30.66,53.1,53.1,30.66,22.44,East,In Stock
T00353,2023-06-12,P1130,Toys,Toys Item 2,10,51.32,60.85,608.5,513.2,95.3,East,In Stock
T00354,2023-07-08,P1232,Toys,Toys Item 18,5,18.48,20.75,103.75,92.4,11.35,East,In Stock
T00355,2023-08-14,P1386,Furniture,Furniture Item 45,15,120.62,186.6,2799.0,1809.3,989.7,East,In Stock
T00356,2023-04-13,P1122,Apparel,Apparel Item 3,7,36.89,65.56,458.92,258.23,200.69,West,Out of Stock
T00357,2023-03-26,P1810,Toys,Toys Item 97,2,172.31,131.78,263.56,344.62,-81.06,North,Out of Stock
T00358,2023-12-18,P1509,Electronics,Electronics Item 80,12,30.52,42.43,509.16,366.24,142.92,West,Out of Stock
T00359,2023-04-06,P1636,Books,Books Item 83,11,177.32,230.19,2532.09,1950.52,581.57,North,In Stock
T00360,2023-03-29,P1627,Toys,Toys Item 72,10,135.53,95.18,951.8,1355.3,-403.5,East,Out of Stock
T00361,2023-07-06,P1082,Furniture,Furniture Item 78,8,125.34,147.31,1178.48,1002.72,175.76,East,In Stock
T00362,2023-12-02,P1346,Groceries,Groceries Item 77,11,148.6,208.93,2298.23,1634.6,663.63,West,In Stock
T00363,2023-08-31,P1761,Toys,Toys Item 3,17,142.55,242.07,4115.19,2423.35,1691.84,North,In Stock
T00364,2023-12-06,P1081,Books,Books Item 67,6,45.14,28.05,168.3,270.84,-102.54,West,In Stock
T00365,2023-01-07,P1147,Apparel,Apparel Item 72,2,28.98,31.55,63.1,57.96,5.14,South,In Stock
T00366,2023-03-05,P1374,Apparel,Apparel Item 42,1,28.81,50.43,50.43,28.81,21.62,East,Low Stock
T00367,2023-11-14,P1206,Books,Books Item 81,5,25.15,39.39,196.95,125.75,71.2,West,In Stock
T00368,2023-12-11,P1219,Electronics,Electronics Item 29,18,193.2,179.35,3228.3,3477.6,-249.3,West,Low Stock
T00369,2023-01-18,P1455,Furniture,Furniture Item 44,18,194.75,241.62,4349.16,3505.5,843.66,East,In Stock
T00370,2023-11-30,P1642,Toys,Toys Item 83,11,100.33,115.85,1274.35,1103.63,170.72,South,In Stock
T00371,2023-01-26,P1021,Books,Books Item 13,13,32.99,52.77,686.01,428.87,257.14,South,In Stock
T00372,2023-01-13,P1644,Apparel,Apparel Item 44,8,194.13,155.82,1246.56,1553.04,-306.48,South,In Stock
T00373,2023-04-08,P1701,Apparel,Apparel Item 63,6,174.29,141.47,848.82,1045.74,-196.92,East,Low Stock
T00374,2023-03-05,P1624,Furniture,Furniture Item 32,11,138.23,209.2,2301.2,1520.53,780.67,East,In Stock
T00375,2023-07-03,P1009,Books,Books Item 18,8,173.6,197.01,1576.08,1388.8,187.28,North,Low Stock
T00376,2023-11-20,P1374,Furniture,Furniture Item 37,14,184.14,323.29,4526.06,2577.96,1948.1,West,In Stock
T00377,2023-04-21,P1087,Furniture,Furniture Item 20,14,81.8,92.43,1294.02,1145.2,148.82,North,Low Stock
T00378,2023-03-23,P1332,Apparel,Apparel Item 83,2,199.89,187.84,375.68,399.78,-24.1,South,Out of Stock
T00379,2023-06-16,P1636,Groceries,Groceries Item 62,9,198.7,222.12,1999.08,1788.3,210.78,West,In Stock
T00380,2023-06-08,P1921,Furniture,Furniture Item 57,9,26.28,42.68,384.12,236.52,147.6,West,In Stock
T00381,2023-09-03,P1996,Electronics,Electronics Item 58,4,135.18,219.22,876.88,540.72,336.16,West,In Stock
T00382,2023-02-05,P1968,Toys,Toys Item 32,9,66.85,89.03,801.27,601.65,199.62,South,In Stock
T00383,2023-12-22,P1798,Furniture,Furniture Item 100,7,6.12,8.11,56.77,42.84,13.93,East,Low Stock
T00384,2023-03-20,P1575,Electronics,Electronics Item 4,7,114.87,167.87,1175.09,804.09,371.0,North,In Stock
T00385,2023-10-20,P1483,Electronics,Electronics Item 41,1,51.32,62.63,62.63,51.32,11.31,West,In Stock
T00386,2023-12-24,P1495,Electronics,Electronics Item 8,11,122.67,185.8,2043.8,1349.37,694.43,North,In Stock
T00387,2023-02-06,P1019,Books,Books Item 89,14,102.59,180.93,2533.02,1436.26,1096.76,South,Out of Stock
T00388,2023-01-04,P1199,Furniture,Furniture Item 66,2,98.44,64.34,128.68,196.88,-68.2,North,In Stock
T00389,2023-06-30,P1039,Apparel,Apparel Item 7,12,34.05,42.04,504.48,408.6,95.88,West,In Stock
T00390,2023-07-05,P1844,Apparel,Apparel Item 74,4,123.54,205.04,820.16,494.16,326.0,West,Out of Stock
T00391,2023-05-14,P1110,Apparel,Apparel Item 16,18,144.52,240.89,4336.02,2601.36,1734.66,East,In Stock
T00392,2023-01-27,P1418,Groceries,Groceries Item 16,11,6.47,11.15,122.65,71.17,51.48,South,In Stock
T00393,2023-10-28,P1259,Electronics,Electronics Item 87,4,185.77,171.0,684.0,743.08,-59.08,East,In Stock
T00394,2023-09-01,P1367,Books,Books Item 29,19,24.78,30.79,585.01,470.82,114.19,West,In Stock
T00395,2023-06-02,P1927,Books,Books Item 34,14,64.92,94.42,1321.88,908.88,413.0,North,In Stock
T00396,2023-06-01,P1030,Electronics,Electronics Item 66,16,22.48,30.35,485.6,359.68,125.92,West,In Stock
T00397,2023-03-17,P1819,Toys,Toys Item 62,13,85.64,49.8,647.4,1113.32,-465.92,West,In Stock
T00398,2023-02-15,P1415,Groceries,Groceries Item 64,12,40.38,63.87,766.44,484.56,281.88,South,In Stock
T00399,2023-11-30,P1849,Furniture,Furniture Item 94,17,115.63,204.92,3483.64,1965.71,1517.93,North,In Stock
T00400,2023-12-19,P1255,Toys,Toys Item 44,4,21.97,29.22,116.88,87.88,29.0,East,In Stock
T00401,2023-06-01,P1812,Groceries,Groceries Item 15,13,128.46,192.85,2507.05,1669.98,837.07,South,In Stock
T00402,2023-07-12,P1027,Groceries,Groceries Item 15,9,159.78,188.71,1698.39,1438.02,260.37,North,In Stock
T00403,2023-09-27,P1023,Books,Books Item 82,10,180.5,221.59,2215.9,1805.0,410.9,South,In Stock
T00404,2023-01-05,P1381,Groceries,Groceries Item 1,5,63.9,107.89,539.45,319.5,219.95,West,In Stock
T00405,2023-04-24,P1844,Apparel,Apparel Item 31,7,135.17,105.53,738.71,946.19,-207.48,North,In Stock
T00406,2023-01-18,P1239,Furniture,Furniture Item 96,1,87.67,53.12,53.12,87.67,-34.55,West,In Stock
T00407,2023-12-25,P1606,Groceries,Groceries Item 54,12,173.25,194.35,2332.2,2079.0,253.2,West,In Stock
T00408,2023-02-16,P1333,Groceries,Groceries Item 59,16,65.89,79.37,1269.92,1054.24,215.68,West,Out of Stock
T00409,2023-02-22,P1400,Apparel,Apparel Item 8,11,50.23,75.14,826.54,552.53,274.01,South,In Stock
T00410,2023-05-23,P1757,Groceries,Groceries Item 53,2,58.54,91.14,182.28,117.08,65.2,West,Out of Stock
T00411,2023-08-05,P1651,Books,Books Item 67,10,88.5,138.89,1388.9,885.0,503.9,South,Low Stock
T00412,2023-12-05,P1636,Groceries,Groceries Item 50,7,71.51,107.44,752.08,500.57,251.51,East,In Stock
T00413,2023-11-27,P1792,Furniture,Furniture Item 32,6,117.79,130.7,784.2,706.74,77.46,South,In Stock
T00414,2023-08-09,P1560,Toys,Toys Item 41,8,130.83,176.74,1413.92,1046.64,367.28,West,In Stock
T00415,2023-05-28,P1549,Apparel,Apparel Item 75,1,49.2,54.22,54.22,49.2,5.02,West,Low Stock
T00416,2023-10-10,P1362,Apparel,Apparel Item 20,17,167.21,184.34,3133.78,2842.57,291.21,West,Low Stock
T00417,2023-05-23,P1759,Books,Books Item 54,8,176.62,256.05,2048.4,1412.96,635.44,South,In Stock
T00418,2023-02-06,P1077,Books,Books Item 82,3,42.11,28.23,84.69,126.33,-41.64,North,Low Stock
T00419,2023-05-17,P1260,Electronics,Electronics Item 34,6,113.77,159.15,954.9,682.62,272.28,East,In Stock
T00420,2023-04-16,P1945,Electronics,Electronics Item 90,8,118.19,110.24,881.92,945.52,-63.6,East,In Stock
T00421,2023-10-23,P1282,Apparel,Apparel Item 41,15,44.18,49.59,743.85,662.7,81.15,North,In Stock
T00422,2023-09-20,P1178,Electronics,Electronics Item 39,16,5.24,9.36,149.76,83.84,65.92,West,In Stock
T00423,2023-08-07,P1168,Apparel,Apparel Item 35,3,185.8,250.73,752.19,557.4,194.79,East,Low Stock
T00424,2023-02-28,P1571,Books,Books Item 91,8,8.91,14.49,115.92,71.28,44.64,South,In Stock
T00425,2023-10-17,P1266,Apparel,Apparel Item 37,1,169.2,256.79,256.79,169.2,87.59,South,In Stock
T00426,2023-09-29,P1724,Electronics,Electronics Item 9,18,158.64,238.97,4301.46,2855.52,1445.94,South,In Stock
T00427,2023-12-17,P1449,Apparel,Apparel Item 33,12,157.5,169.65,2035.8,1890.0,145.8,West,In Stock
T00428,2023-09-11,P1983,Electronics,Electronics Item 51,1,49.33,65.89,65.89,49.33,16.56,North,In Stock
T00429,2023-08-26,P1365,Apparel,Apparel Item 22,2,187.71,240.11,480.22,375.42,104.8,North,In Stock
T00430,2023-03-19,P1021,Furniture,Furniture Item 49,4,175.3,149.68,598.72,701.2,-102.48,West,Low Stock
T00431,2023-05-20,P1971,Furniture,Furniture Item 66,15,198.47,239.43,3591.45,2977.05,614.4,South,Out of Stock
T00432,2023-09-05,P1919,Toys,Toys Item 21,15,82.45,125.4,1881.0,1236.75,644.25,West,In Stock
T00433,2023-12-26,P1210,Apparel,Apparel Item 73,10,174.27,286.24,2862.4,1742.7,1119.7,South,In Stock
T00434,2023-02-13,P1983,Electronics,Electronics Item 69,14,20.78,24.52,343.28,290.92,52.36,East,In Stock
T00435,2023-12-19,P1318,Furniture,Furniture Item 79,2,48.6,71.92,143.84,97.2,46.64,East,Low Stock
T00436,2023-10-29,P1477,Books,Books Item 66,10,165.38,146.84,1468.4,1653.8,-185.4,South,In Stock
T00437,2023-05-29,P1806,Electronics,Electronics Item 82,4,123.24,111.44,445.76,492.96,-47.2,West,Low Stock
T00438,2023-07-27,P1389,Groceries,Groceries Item 93,14,39.09,52.73,738.22,547.26,190.96,West,In Stock
T00439,2023-06-01,P1953,Groceries,Groceries Item 12,13,76.67,39.23,509.99,996.71,-486.72,South,In Stock
T00440,2023-02-18,P1899,Apparel,Apparel Item 16,15,192.81,342.12,5131.8,2892.15,2239.65,North,In Stock
T00441,2023-04-05,P1826,Books,Books Item 39,13,187.61,236.07,3068.91,2438.93,629.98,East,In Stock
T00442,2023-04-04,P1727,Furniture,Furniture Item 62,6,5.06,3.9,23.4,30.36,-6.96,North,In Stock
T00443,2023-12-31,P1863,Furniture,Furniture Item 31,19,80.36,95.94,1822.86,1526.84,296.02,West,Out of Stock
T00444,2023-11-15,P1376,Electronics,Electronics Item 57,2,99.5,150.71,301.42,199.0,102.42,South,In Stock
T00445,2023-01-16,P1942,Books,Books Item 68,15,196.82,227.66,3414.9,2952.3,462.6,South,Low Stock
T00446,2023-08-01,P1919,Furniture,Furniture Item 60,9,157.63,186.53,1678.77,1418.67,260.1,East,In Stock
T00447,2023-06-23,P1117,Furniture,Furniture Item 22,16,17.15,30.83,493.28,274.4,218.88,South,Low Stock
T00448,2023-12-20,P1568,Electronics,Electronics Item 1,17,50.37,59.45,1010.65,856.29,154.36,East,In Stock
T00449,2023-08-07,P1939,Apparel,Apparel Item 48,4,107.77,123.72,494.88,431.08,63.8,North,In Stock
T00450,2023-05-02,P1776,Groceries,Groceries Item 73,3,76.71,128.16,384.48,230.13,154.35,East,In Stock
T00451,2023-10-09,P1589,Books,Books Item 13,5,80.48,99.51,497.55,402.4,95.15,North,Out of Stock
T00452,2023-11-24,P1848,Furniture,Furniture Item 38,6,55.66,64.17,385.02,333.96,51.06,South,In Stock
T00453,2023-06-08,P1845,Electronics,Electronics Item 37,7,125.69,210.62,1474.34,879.83,594.51,East,Low Stock
T00454,2023-02-27,P1958,Groceries,Groceries Item 28,13,195.3,345.62,4493.06,2538.9,1954.16,East,In Stock
T00455,2023-02-24,P1817,Groceries,Groceries Item 93,4,77.42,118.81,475.24,309.68,165.56,North,In Stock
T00456,2023-05-06,P1844,Electronics,Electronics Item 31,4,173.61,267.15,1068.6,694.44,374.16,West,Low Stock
T00457,2023-06-09,P1229,Electronics,Electronics Item 68,3,78.3,109.2,327.6,234.9,92.7,South,In Stock
T00458,2023-01-16,P1393,Toys,Toys Item 49,10,178.96,293.53,2935.3,1789.6,1145.7,North,In Stock
T00459,2023-11-02,P1884,Groceries,Groceries Item 11,9,188.85,209.12,1882.08,1699.65,182.43,East,In Stock
T00460,2023-10-08,P1479,Apparel,Apparel Item 99,1,168.97,153.05,153.05,168.97,-15.92,North,In Stock
T00461,2023-04-21,P1021,Groceries,Groceries Item 37,11,101.61,140.99,1550.89,1117.71,433.18,North,In Stock
T00462,2023-04-24,P1140,Furniture,Furniture Item 42,17,124.72,91.46,1554.82,2120.24,-565.42,West,In Stock
T00463,2023-11-16,P1656,Electronics,Electronics Item 5,19,25.61,35.4,672.6,486.59,186.01,South,In Stock
T00464,2023-02-13,P1442,Groceries,Groceries Item 1,8,13.13,10.8,86.4,105.04,-18.64,North,In Stock
T00465,2023-07-15,P1236,Books,Books Item 29,13,161.42,83.29,1082.77,2098.46,-1015.69,East,Low Stock
T00466,2023-03-29,P1322,Groceries,Groceries Item 77,8,73.88,96.95,775.6,591.04,184.56,East,In Stock
T00467,2023-11-18,P1069,Furniture,Furniture Item 100,15,188.75,248.42,3726.3,2831.25,895.05,West,Out of Stock
T00468,2023-03-17,P1087,Toys,Toys Item 67,5,112.18,123.57,617.85,560.9,56.95,East,Out of Stock
T00469,2023-05-13,P1792,Apparel,Apparel Item 6,10,9.08,8.49,84.9,90.8,-5.9,East,Low Stock
T00470,2023-04-03,P1212,Electronics,Electronics Item 74,8,155.0,207.15,1657.2,1240.0,417.2,North,Low Stock
T00471,2023-08-07,P1632,Groceries,Groceries Item 97,18,7.03,8.76,157.68,126.54,31.14,West,In Stock
T00472,2023-11-14,P1633,Furniture,Furniture Item 55,9,130.56,141.2,1270.8,1175.04,95.76,South,In Stock
T00473,2023-08-16,P1576,Electronics,Electronics Item 97,18,67.83,48.39,871.02,1220.94,-349.92,South,In Stock
T00474,2023-02-28,P1261,Groceries,Groceries Item 1,2,122.37,197.14,394.28,244.74,149.54,South,In Stock
T00475,2023-10-28,P1482,Electronics,Electronics Item 25,2,29.98,52.35,104.7,59.96,44.74,North,In Stock
T00476,2023-02-23,P1111,Furniture,Furniture Item 68,9,77.57,107.01,963.09,698.13,264.96,East,In Stock
T00477,2023-01-01,P1247,Electronics,Electronics Item 91,18,188.9,215.56,3880.08,3400.2,479.88,North,In Stock
T00478,2023-12-25,P1782,Apparel,Apparel Item 31,19,177.95,225.01,4275.19,3381.05,894.14,South,In Stock
T00479,2023-11-21,P1617,Books,Books Item 48,7,170.07,210.75,1475.25,1190.49,284.76,North,In Stock
T00480,2023-11-16,P1987,Furniture,Furniture Item 91,13,48.11,77.51,1007.63,625.43,382.2,West,In Stock
T00481,2023-04-07,P1562,Furniture,Furniture Item 94,14,156.41,185.04,2590.56,2189.74,400.82,South,In Stock
T00482,2023-01-09,P1252,Furniture,Furniture Item 76,11,57.52,91.8,1009.8,632.72,377.08,South,In Stock
T00483,2023-12-21,P1453,Electronics,Electronics Item 37,2,30.69,51.05,102.1,61.38,40.72,North,In Stock
T00484,2023-06-16,P1535,Electronics,Electronics Item 36,15,103.64,165.78,2486.7,1554.6,932.1,North,In Stock
T00485,2023-06-17,P1814,Toys,Toys Item 30,11,152.85,230.64,2537.04,1681.35,855.69,North,In Stock
T00486,2023-04-10,P1916,Electronics,Electronics Item 57,19,34.56,26.26,498.94,656.64,-157.7,South,In Stock
T00487,2023-11-05,P1761,Furniture,Furniture Item 57,5,36.21,38.27,191.35,181.05,10.3,South,In Stock
T00488,2023-12-31,P1745,Books,Books Item 73,1,149.63,188.3,188.3,149.63,38.67,North,Low Stock
T00489,2023-02-20,P1192,Books,Books Item 97,3,83.29,100.2,300.6,249.87,50.73,East,In Stock
T00490,2023-08-23,P1231,Books,Books Item 93,10,149.76,226.32,2263.2,1497.6,765.6,West,Out of Stock
T00491,2023-10-07,P1940,Furniture,Furniture Item 65,2,74.3,108.9,217.8,148.6,69.2,South,In Stock
T00492,2023-03-17,P1586,Electronics,Electronics Item 60,10,153.39,128.17,1281.7,1533.9,-252.2,North,Out of Stock
T00493,2023-03-11,P1760,Electronics,Electronics Item 89,14,151.16,235.63,3298.82,2116.24,1182.58,North,In Stock
T00494,2023-09-20,P1422,Groceries,Groceries Item 33,16,34.03,58.11,929.76,544.48,385.28,West,Low Stock
T00495,2023-12-07,P1718,Books,Books Item 56,5,29.32,44.93,224.65,146.6,78.05,West,Out of Stock
T00496,2023-01-30,P1180,Furniture,Furniture Item 54,10,177.81,238.91,2389.1,1778.1,611.0,East,In Stock
T00497,2023-05-13,P1558,Apparel,Apparel Item 48,8,39.78,22.88,183.04,318.24,-135.2,North,In Stock
T00498,2023-11-23,P1354,Apparel,Apparel Item 95,13,23.13,32.63,424.19,300.69,123.5,North,Low Stock
T00499,2023-04-17,P1748,Electronics,Electronics Item 43,14,146.06,87.85,1229.9,2044.84,-814.94,South,Low Stock
T00500,2023-03-21,P1164,Books,Books Item 9,4,15.3,22.94,91.76,61.2,30.56,North,In Stock
